model,n,rps,log_loss,brier
closing_odds,1900,0.19528427831979916,0.9535277019514046,0.5635870515037124
dc_xg_mgr_inj,1900,0.19882672385005448,0.9651259361545012,0.5715324393059263
dc_xg_mgr,1900,0.2004511575043551,0.9692776989657516,0.5747448497993736
dc_xg_mgr_style,1900,0.20052966410875492,0.9696347072411108,0.5749621515020661
dc_xg,1900,0.2012197369623001,0.9710061477843531,0.5761373720558313
dc_goals,1900,0.2017634087923048,0.972987862736251,0.5774343188928283
elo,1900,0.20288692815078338,0.9765083493142196,0.5799560654028174
maher,1900,0.20494740208353826,0.9855857236428366,0.5839417729531351
base_rates,1900,0.23476531565492115,1.0660923233726538,0.6454318075487492
